x,y,dist,orient,direct,SrcNum,DetNum,OptGrp
-148.492424049175,63.6396103067893,20,vert,diagonal,S01,D01,none
-148.492424049175,49.4974746830583,44.7213595499958,vert,diagonal,S01,D02,none
-148.492424049175,35.3553390593274,72.1110255092798,vert,diagonal,S01,D03,none
-134.350288425444,63.6396103067893,44.7213595499958,hori,diagonal,S01,D04,none
-134.350288425444,49.4974746830583,60,vert,diagonal,S01,D05,none
-134.350288425444,35.3553390593274,82.4621125123532,vert,diagonal,S01,D06,none
-120.208152801713,63.6396103067893,72.1110255092798,hori,diagonal,S01,D07,none
-120.208152801713,49.4974746830583,82.4621125123532,hori,diagonal,S01,D08,none
-120.208152801713,35.3553390593274,100,vert,diagonal,S01,D09,none
-106.066017177982,63.6396103067893,100,hori,diagonal,S01,D10,none
-106.066017177982,49.4974746830583,107.70329614269,hori,diagonal,S01,D11,none
-106.066017177982,35.3553390593274,121.655250605964,hori,diagonal,S01,D12,none
-106.066017177982,21.2132034355964,140,vert,diagonal,S01,D13,none
-91.9238815542512,49.4974746830583,134.164078649987,hori,diagonal,S01,D14,none
-91.9238815542512,35.3553390593274,145.60219778561,hori,diagonal,S01,D15,none
-91.9238815542512,21.2132034355964,161.245154965971,hori,diagonal,S01,D16,none
-77.7817459305202,49.4974746830583,161.245154965971,hori,diagonal,S01,D17,none
-77.7817459305202,35.3553390593274,170.880074906351,hori,diagonal,S01,D18,none
-77.7817459305202,21.2132034355964,184.390889145858,hori,diagonal,S01,D19,none
-63.6396103067893,49.4974746830583,188.679622641132,hori,diagonal,S01,D20,none
-63.6396103067893,35.3553390593274,196.977156035922,hori,diagonal,S01,D21,none
-63.6396103067893,21.2132034355964,208.806130178211,hori,diagonal,S01,D22,none
-49.4974746830583,63.6396103067893,212.602916254693,hori,diagonal,S01,D23,none
-49.4974746830583,49.4974746830583,216.333076527839,hori,diagonal,S01,D24,none
-49.4974746830583,35.3553390593274,223.606797749979,hori,diagonal,S01,D25,none
-35.3553390593274,63.6396103067893,240.831891575846,hori,diagonal,S01,D26,none
-35.3553390593274,49.4974746830583,244.131112314674,hori,diagonal,S01,D27,none
-35.3553390593274,35.3553390593274,250.599281722833,hori,diagonal,S01,D28,none
-148.492424049175,49.4974746830583,20,vert,antidiag,S02,D01,none
-148.492424049175,35.3553390593274,20,vert,diagonal,S02,D02,none
-148.492424049175,21.2132034355964,44.7213595499958,vert,diagonal,S02,D03,none
-134.350288425444,49.4974746830583,44.7213595499958,hori,antidiag,S02,D04,none
-134.350288425444,35.3553390593274,44.7213595499958,hori,diagonal,S02,D05,none
-134.350288425444,21.2132034355964,60,vert,diagonal,S02,D06,none
-120.208152801713,49.4974746830583,72.1110255092798,hori,antidiag,S02,D07,none
-120.208152801713,35.3553390593274,72.1110255092798,hori,diagonal,S02,D08,none
-120.208152801713,21.2132034355964,82.4621125123532,hori,diagonal,S02,D09,none
-106.066017177982,49.4974746830583,100,hori,antidiag,S02,D10,none
-106.066017177982,35.3553390593274,100,hori,diagonal,S02,D11,none
-106.066017177982,21.2132034355964,107.70329614269,hori,diagonal,S02,D12,none
-106.066017177982,7.07106781186548,121.655250605964,hori,diagonal,S02,D13,none
-91.9238815542512,35.3553390593274,128.062484748657,hori,diagonal,S02,D14,none
-91.9238815542512,21.2132034355964,134.164078649987,hori,diagonal,S02,D15,none
-91.9238815542512,7.07106781186548,145.60219778561,hori,diagonal,S02,D16,none
-77.7817459305202,35.3553390593274,156.204993518133,hori,diagonal,S02,D17,none
-77.7817459305202,21.2132034355964,161.245154965971,hori,diagonal,S02,D18,none
-77.7817459305202,7.07106781186548,170.880074906351,hori,diagonal,S02,D19,none
-63.6396103067893,35.3553390593274,184.390889145858,hori,diagonal,S02,D20,none
-63.6396103067893,21.2132034355964,188.679622641132,hori,diagonal,S02,D21,none
-63.6396103067893,7.07106781186548,196.977156035922,hori,diagonal,S02,D22,none
-49.4974746830583,49.4974746830583,212.602916254693,hori,antidiag,S02,D23,none
-49.4974746830583,35.3553390593274,212.602916254693,hori,diagonal,S02,D24,none
-49.4974746830583,21.2132034355964,216.333076527839,hori,diagonal,S02,D25,none
-35.3553390593274,49.4974746830583,240.831891575846,hori,antidiag,S02,D26,none
-35.3553390593274,35.3553390593274,240.831891575846,hori,diagonal,S02,D27,none
-35.3553390593274,21.2132034355964,244.131112314674,hori,diagonal,S02,D28,none
-148.492424049175,35.3553390593274,44.7213595499958,vert,antidiag,S03,D01,none
-148.492424049175,21.2132034355964,20,vert,antidiag,S03,D02,none
-148.492424049175,7.07106781186548,20,vert,diagonal,S03,D03,none
-134.350288425444,35.3553390593274,60,vert,antidiag,S03,D04,none
-134.350288425444,21.2132034355964,44.7213595499958,hori,antidiag,S03,D05,none
-134.350288425444,7.07106781186548,44.7213595499958,hori,diagonal,S03,D06,none
-120.208152801713,35.3553390593274,82.4621125123532,hori,antidiag,S03,D07,none
-120.208152801713,21.2132034355964,72.1110255092798,hori,antidiag,S03,D08,none
-120.208152801713,7.07106781186548,72.1110255092798,hori,diagonal,S03,D09,none
-106.066017177982,35.3553390593274,107.70329614269,hori,antidiag,S03,D10,none
-106.066017177982,21.2132034355964,100,hori,antidiag,S03,D11,none
-106.066017177982,7.07106781186548,100,hori,diagonal,S03,D12,none
-106.066017177982,-7.07106781186548,107.70329614269,hori,diagonal,S03,D13,none
-91.9238815542512,21.2132034355964,128.062484748657,hori,antidiag,S03,D14,none
-91.9238815542512,7.07106781186548,128.062484748657,hori,diagonal,S03,D15,none
-91.9238815542512,-7.07106781186548,134.164078649987,hori,diagonal,S03,D16,none
-77.7817459305202,21.2132034355964,156.204993518133,hori,antidiag,S03,D17,none
-77.7817459305202,7.07106781186548,156.204993518133,hori,diagonal,S03,D18,none
-77.7817459305202,-7.07106781186548,161.245154965971,hori,diagonal,S03,D19,none
-63.6396103067893,21.2132034355964,184.390889145858,hori,antidiag,S03,D20,none
-63.6396103067893,7.07106781186548,184.390889145858,hori,diagonal,S03,D21,none
-63.6396103067893,-7.07106781186548,188.679622641132,hori,diagonal,S03,D22,none
-49.4974746830583,35.3553390593274,216.333076527839,hori,antidiag,S03,D23,none
-49.4974746830583,21.2132034355964,212.602916254693,hori,antidiag,S03,D24,none
-49.4974746830583,7.07106781186548,212.602916254693,hori,diagonal,S03,D25,none
-35.3553390593274,35.3553390593274,244.131112314674,hori,antidiag,S03,D26,none
-35.3553390593274,21.2132034355964,240.831891575846,hori,antidiag,S03,D27,none
-35.3553390593274,7.07106781186548,240.831891575846,hori,diagonal,S03,D28,none
-134.350288425444,63.6396103067893,20,vert,antidiag,S04,D01,none
-134.350288425444,49.4974746830583,20,vert,diagonal,S05,D01,none
-134.350288425444,35.3553390593274,44.7213595499958,vert,diagonal,S06,D01,none
-120.208152801713,63.6396103067893,44.7213595499958,hori,antidiag,S07,D01,none
-120.208152801713,49.4974746830583,44.7213595499958,hori,diagonal,S08,D01,none
-120.208152801713,35.3553390593274,60,vert,diagonal,S09,D01,none
-120.208152801713,21.2132034355964,82.4621125123532,vert,diagonal,S10,D01,none
-106.066017177982,63.6396103067893,72.1110255092798,hori,antidiag,S11,D01,none
-106.066017177982,49.4974746830583,72.1110255092798,hori,diagonal,S12,D01,none
-106.066017177982,35.3553390593274,82.4621125123532,hori,diagonal,S13,D01,none
-106.066017177982,21.2132034355964,100,vert,diagonal,S14,D01,none
-91.9238815542512,49.4974746830583,100,hori,diagonal,S15,D01,none
-91.9238815542512,35.3553390593274,107.70329614269,hori,diagonal,S16,D01,none
-91.9238815542512,21.2132034355964,121.655250605964,hori,diagonal,S17,D01,none
-77.7817459305202,49.4974746830583,128.062484748657,hori,diagonal,S18,D01,none
-77.7817459305202,35.3553390593274,134.164078649987,hori,diagonal,S19,D01,none
-77.7817459305202,21.2132034355964,145.60219778561,hori,diagonal,S20,D01,none
-63.6396103067893,49.4974746830583,156.204993518133,hori,diagonal,S21,D01,none
-63.6396103067893,35.3553390593274,161.245154965971,hori,diagonal,S22,D01,none
-63.6396103067893,21.2132034355964,170.880074906351,hori,diagonal,S23,D01,none
-49.4974746830583,49.4974746830583,184.390889145858,hori,diagonal,S24,D01,none
-49.4974746830583,35.3553390593274,188.679622641132,hori,diagonal,S25,D01,none
-49.4974746830583,21.2132034355964,196.977156035922,hori,diagonal,S26,D01,none
-35.3553390593274,63.6396103067893,212.602916254693,hori,antidiag,S27,D01,none
-35.3553390593274,49.4974746830583,212.602916254693,hori,diagonal,S28,D01,none
-35.3553390593274,35.3553390593274,216.333076527839,hori,diagonal,S29,D01,none
-35.3553390593274,21.2132034355964,223.606797749979,hori,diagonal,S30,D01,none
-21.2132034355964,63.6396103067893,240.831891575846,hori,antidiag,S31,D01,none
-21.2132034355964,49.4974746830583,240.831891575846,hori,diagonal,S32,D01,none
-134.350288425444,49.4974746830583,44.7213595499958,vert,antidiag,S04,D02,none
-134.350288425444,35.3553390593274,20,vert,antidiag,S05,D02,none
-134.350288425444,21.2132034355964,20,vert,diagonal,S06,D02,none
-120.208152801713,49.4974746830583,60,vert,antidiag,S07,D02,none
-120.208152801713,35.3553390593274,44.7213595499958,hori,antidiag,S08,D02,none
-120.208152801713,21.2132034355964,44.7213595499958,hori,diagonal,S09,D02,none
-120.208152801713,7.07106781186548,60,vert,diagonal,S10,D02,none
-106.066017177982,49.4974746830583,82.4621125123532,hori,antidiag,S11,D02,none
-106.066017177982,35.3553390593274,72.1110255092798,hori,antidiag,S12,D02,none
-106.066017177982,21.2132034355964,72.1110255092798,hori,diagonal,S13,D02,none
-106.066017177982,7.07106781186548,82.4621125123532,hori,diagonal,S14,D02,none
-91.9238815542512,35.3553390593274,100,hori,antidiag,S15,D02,none
-91.9238815542512,21.2132034355964,100,hori,diagonal,S16,D02,none
-91.9238815542512,7.07106781186548,107.70329614269,hori,diagonal,S17,D02,none
-77.7817459305202,35.3553390593274,128.062484748657,hori,antidiag,S18,D02,none
-77.7817459305202,21.2132034355964,128.062484748657,hori,diagonal,S19,D02,none
-77.7817459305202,7.07106781186548,134.164078649987,hori,diagonal,S20,D02,none
-63.6396103067893,35.3553390593274,156.204993518133,hori,antidiag,S21,D02,none
-63.6396103067893,21.2132034355964,156.204993518133,hori,diagonal,S22,D02,none
-63.6396103067893,7.07106781186548,161.245154965971,hori,diagonal,S23,D02,none
-49.4974746830583,35.3553390593274,184.390889145858,hori,antidiag,S24,D02,none
-49.4974746830583,21.2132034355964,184.390889145858,hori,diagonal,S25,D02,none
-49.4974746830583,7.07106781186548,188.679622641132,hori,diagonal,S26,D02,none
-35.3553390593274,49.4974746830583,216.333076527839,hori,antidiag,S27,D02,none
-35.3553390593274,35.3553390593274,212.602916254693,hori,antidiag,S28,D02,none
-35.3553390593274,21.2132034355964,212.602916254693,hori,diagonal,S29,D02,none
-35.3553390593274,7.07106781186548,216.333076527839,hori,diagonal,S30,D02,none
-21.2132034355964,49.4974746830583,244.131112314674,hori,antidiag,S31,D02,none
-21.2132034355964,35.3553390593274,240.831891575846,hori,antidiag,S32,D02,none
-134.350288425444,35.3553390593274,72.1110255092798,vert,antidiag,S04,D03,none
-134.350288425444,21.2132034355964,44.7213595499958,vert,antidiag,S05,D03,none
-134.350288425444,7.07106781186548,20,vert,antidiag,S06,D03,none
-120.208152801713,35.3553390593274,82.4621125123532,vert,antidiag,S07,D03,none
-120.208152801713,21.2132034355964,60,vert,antidiag,S08,D03,none
-120.208152801713,7.07106781186548,44.7213595499958,hori,antidiag,S09,D03,none
-120.208152801713,-7.07106781186548,44.7213595499958,hori,diagonal,S10,D03,none
-106.066017177982,35.3553390593274,100,vert,antidiag,S11,D03,none
-106.066017177982,21.2132034355964,82.4621125123532,hori,antidiag,S12,D03,none
-106.066017177982,7.07106781186548,72.1110255092798,hori,antidiag,S13,D03,none
-106.066017177982,-7.07106781186548,72.1110255092798,hori,diagonal,S14,D03,none
-91.9238815542512,21.2132034355964,107.70329614269,hori,antidiag,S15,D03,none
-91.9238815542512,7.07106781186548,100,hori,antidiag,S16,D03,none
-91.9238815542512,-7.07106781186548,100,hori,diagonal,S17,D03,none
-77.7817459305202,21.2132034355964,134.164078649987,hori,antidiag,S18,D03,none
-77.7817459305202,7.07106781186548,128.062484748657,hori,antidiag,S19,D03,none
-77.7817459305202,-7.07106781186548,128.062484748657,hori,diagonal,S20,D03,none
-63.6396103067893,21.2132034355964,161.245154965971,hori,antidiag,S21,D03,none
-63.6396103067893,7.07106781186548,156.204993518133,hori,antidiag,S22,D03,none
-63.6396103067893,-7.07106781186548,156.204993518133,hori,diagonal,S23,D03,none
-49.4974746830583,21.2132034355964,188.679622641132,hori,antidiag,S24,D03,none
-49.4974746830583,7.07106781186548,184.390889145858,hori,antidiag,S25,D03,none
-49.4974746830583,-7.07106781186548,184.390889145858,hori,diagonal,S26,D03,none
-35.3553390593274,35.3553390593274,223.606797749979,hori,antidiag,S27,D03,none
-35.3553390593274,21.2132034355964,216.333076527839,hori,antidiag,S28,D03,none
-35.3553390593274,7.07106781186548,212.602916254693,hori,antidiag,S29,D03,none
-35.3553390593274,-7.07106781186548,212.602916254693,hori,diagonal,S30,D03,none
-21.2132034355964,35.3553390593274,250.599281722833,hori,antidiag,S31,D03,none
-21.2132034355964,21.2132034355964,244.131112314674,hori,antidiag,S32,D03,none
-120.208152801713,63.6396103067893,20,vert,diagonal,S04,D04,none
-120.208152801713,49.4974746830583,44.7213595499958,vert,diagonal,S04,D05,none
-120.208152801713,35.3553390593274,72.1110255092798,vert,diagonal,S04,D06,none
-106.066017177982,63.6396103067893,44.7213595499958,hori,diagonal,S04,D07,none
-106.066017177982,49.4974746830583,60,vert,diagonal,S04,D08,none
-106.066017177982,35.3553390593274,82.4621125123532,vert,diagonal,S04,D09,none
-91.9238815542512,63.6396103067893,72.1110255092798,hori,diagonal,S04,D10,none
-91.9238815542512,49.4974746830583,82.4621125123532,hori,diagonal,S04,D11,none
-91.9238815542512,35.3553390593274,100,vert,diagonal,S04,D12,none
-91.9238815542512,21.2132034355964,121.655250605964,vert,diagonal,S04,D13,none
-77.7817459305202,49.4974746830583,107.70329614269,hori,diagonal,S04,D14,none
-77.7817459305202,35.3553390593274,121.655250605964,hori,diagonal,S04,D15,none
-77.7817459305202,21.2132034355964,140,vert,diagonal,S04,D16,none
-63.6396103067893,49.4974746830583,134.164078649987,hori,diagonal,S04,D17,none
-63.6396103067893,35.3553390593274,145.60219778561,hori,diagonal,S04,D18,none
-63.6396103067893,21.2132034355964,161.245154965971,hori,diagonal,S04,D19,none
-49.4974746830583,49.4974746830583,161.245154965971,hori,diagonal,S04,D20,none
-49.4974746830583,35.3553390593274,170.880074906351,hori,diagonal,S04,D21,none
-49.4974746830583,21.2132034355964,184.390889145858,hori,diagonal,S04,D22,none
-35.3553390593274,63.6396103067893,184.390889145858,hori,diagonal,S04,D23,none
-35.3553390593274,49.4974746830583,188.679622641132,hori,diagonal,S04,D24,none
-35.3553390593274,35.3553390593274,196.977156035922,hori,diagonal,S04,D25,none
-21.2132034355964,63.6396103067893,212.602916254693,hori,diagonal,S04,D26,none
-21.2132034355964,49.4974746830583,216.333076527839,hori,diagonal,S04,D27,none
-21.2132034355964,35.3553390593274,223.606797749979,hori,diagonal,S04,D28,none
-120.208152801713,49.4974746830583,20,vert,antidiag,S05,D04,none
-120.208152801713,35.3553390593274,20,vert,diagonal,S05,D05,none
-120.208152801713,21.2132034355964,44.7213595499958,vert,diagonal,S05,D06,none
-106.066017177982,49.4974746830583,44.7213595499958,hori,antidiag,S05,D07,none
-106.066017177982,35.3553390593274,44.7213595499958,hori,diagonal,S05,D08,none
-106.066017177982,21.2132034355964,60,vert,diagonal,S05,D09,none
-91.9238815542512,49.4974746830583,72.1110255092798,hori,antidiag,S05,D10,none
-91.9238815542512,35.3553390593274,72.1110255092798,hori,diagonal,S05,D11,none
-91.9238815542512,21.2132034355964,82.4621125123532,hori,diagonal,S05,D12,none
-91.9238815542512,7.07106781186548,100,vert,diagonal,S05,D13,none
-77.7817459305202,35.3553390593274,100,hori,diagonal,S05,D14,none
-77.7817459305202,21.2132034355964,107.70329614269,hori,diagonal,S05,D15,none
-77.7817459305202,7.07106781186548,121.655250605964,hori,diagonal,S05,D16,none
-63.6396103067893,35.3553390593274,128.062484748657,hori,diagonal,S05,D17,none
-63.6396103067893,21.2132034355964,134.164078649987,hori,diagonal,S05,D18,none
-63.6396103067893,7.07106781186548,145.60219778561,hori,diagonal,S05,D19,none
-49.4974746830583,35.3553390593274,156.204993518133,hori,diagonal,S05,D20,none
-49.4974746830583,21.2132034355964,161.245154965971,hori,diagonal,S05,D21,none
-49.4974746830583,7.07106781186548,170.880074906351,hori,diagonal,S05,D22,none
-35.3553390593274,49.4974746830583,184.390889145858,hori,antidiag,S05,D23,none
-35.3553390593274,35.3553390593274,184.390889145858,hori,diagonal,S05,D24,none
-35.3553390593274,21.2132034355964,188.679622641132,hori,diagonal,S05,D25,none
-21.2132034355964,49.4974746830583,212.602916254693,hori,antidiag,S05,D26,none
-21.2132034355964,35.3553390593274,212.602916254693,hori,diagonal,S05,D27,none
-21.2132034355964,21.2132034355964,216.333076527839,hori,diagonal,S05,D28,none
-120.208152801713,35.3553390593274,44.7213595499958,vert,antidiag,S06,D04,none
-120.208152801713,21.2132034355964,20,vert,antidiag,S06,D05,none
-120.208152801713,7.07106781186548,20,vert,diagonal,S06,D06,none
-106.066017177982,35.3553390593274,60,vert,antidiag,S06,D07,none
-106.066017177982,21.2132034355964,44.7213595499958,hori,antidiag,S06,D08,none
-106.066017177982,7.07106781186548,44.7213595499958,hori,diagonal,S06,D09,none
-91.9238815542512,35.3553390593274,82.4621125123532,hori,antidiag,S06,D10,none
-91.9238815542512,21.2132034355964,72.1110255092798,hori,antidiag,S06,D11,none
-91.9238815542512,7.07106781186548,72.1110255092798,hori,diagonal,S06,D12,none
-91.9238815542512,-7.07106781186548,82.4621125123532,hori,diagonal,S06,D13,none
-77.7817459305202,21.2132034355964,100,hori,antidiag,S06,D14,none
-77.7817459305202,7.07106781186548,100,hori,diagonal,S06,D15,none
-77.7817459305202,-7.07106781186548,107.70329614269,hori,diagonal,S06,D16,none
-63.6396103067893,21.2132034355964,128.062484748657,hori,antidiag,S06,D17,none
-63.6396103067893,7.07106781186548,128.062484748657,hori,diagonal,S06,D18,none
-63.6396103067893,-7.07106781186548,134.164078649987,hori,diagonal,S06,D19,none
-49.4974746830583,21.2132034355964,156.204993518133,hori,antidiag,S06,D20,none
-49.4974746830583,7.07106781186548,156.204993518133,hori,diagonal,S06,D21,none
-49.4974746830583,-7.07106781186548,161.245154965971,hori,diagonal,S06,D22,none
-35.3553390593274,35.3553390593274,188.679622641132,hori,antidiag,S06,D23,none
-35.3553390593274,21.2132034355964,184.390889145858,hori,antidiag,S06,D24,none
-35.3553390593274,7.07106781186548,184.390889145858,hori,diagonal,S06,D25,none
-21.2132034355964,35.3553390593274,216.333076527839,hori,antidiag,S06,D26,none
-21.2132034355964,21.2132034355964,212.602916254693,hori,antidiag,S06,D27,none
-21.2132034355964,7.07106781186548,212.602916254693,hori,diagonal,S06,D28,none
-106.066017177982,63.6396103067893,20,vert,antidiag,S07,D04,none
-106.066017177982,49.4974746830583,20,vert,diagonal,S08,D04,none
-106.066017177982,35.3553390593274,44.7213595499958,vert,diagonal,S09,D04,none
-106.066017177982,21.2132034355964,72.1110255092798,vert,diagonal,S10,D04,none
-91.9238815542512,63.6396103067893,44.7213595499958,hori,antidiag,S11,D04,none
-91.9238815542512,49.4974746830583,44.7213595499958,hori,diagonal,S12,D04,none
-91.9238815542512,35.3553390593274,60,vert,diagonal,S13,D04,none
-91.9238815542512,21.2132034355964,82.4621125123532,vert,diagonal,S14,D04,none
-77.7817459305202,49.4974746830583,72.1110255092798,hori,diagonal,S15,D04,none
-77.7817459305202,35.3553390593274,82.4621125123532,hori,diagonal,S16,D04,none
-77.7817459305202,21.2132034355964,100,vert,diagonal,S17,D04,none
-63.6396103067893,49.4974746830583,100,hori,diagonal,S18,D04,none
-63.6396103067893,35.3553390593274,107.70329614269,hori,diagonal,S19,D04,none
-63.6396103067893,21.2132034355964,121.655250605964,hori,diagonal,S20,D04,none
-49.4974746830583,49.4974746830583,128.062484748657,hori,diagonal,S21,D04,none
-49.4974746830583,35.3553390593274,134.164078649987,hori,diagonal,S22,D04,none
-49.4974746830583,21.2132034355964,145.60219778561,hori,diagonal,S23,D04,none
-35.3553390593274,49.4974746830583,156.204993518133,hori,diagonal,S24,D04,none
-35.3553390593274,35.3553390593274,161.245154965971,hori,diagonal,S25,D04,none
-35.3553390593274,21.2132034355964,170.880074906351,hori,diagonal,S26,D04,none
-21.2132034355964,63.6396103067893,184.390889145858,hori,antidiag,S27,D04,none
-21.2132034355964,49.4974746830583,184.390889145858,hori,diagonal,S28,D04,none
-21.2132034355964,35.3553390593274,188.679622641132,hori,diagonal,S29,D04,none
-21.2132034355964,21.2132034355964,196.977156035922,hori,diagonal,S30,D04,none
-7.07106781186548,63.6396103067893,212.602916254693,hori,antidiag,S31,D04,none
-7.07106781186548,49.4974746830583,212.602916254693,hori,diagonal,S32,D04,none
-106.066017177982,49.4974746830583,44.7213595499958,vert,antidiag,S07,D05,none
-106.066017177982,35.3553390593274,20,vert,antidiag,S08,D05,none
-106.066017177982,21.2132034355964,20,vert,diagonal,S09,D05,none
-106.066017177982,7.07106781186548,44.7213595499958,vert,diagonal,S10,D05,none
-91.9238815542512,49.4974746830583,60,vert,antidiag,S11,D05,none
-91.9238815542512,35.3553390593274,44.7213595499958,hori,antidiag,S12,D05,none
-91.9238815542512,21.2132034355964,44.7213595499958,hori,diagonal,S13,D05,none
-91.9238815542512,7.07106781186548,60,vert,diagonal,S14,D05,none
-77.7817459305202,35.3553390593274,72.1110255092798,hori,antidiag,S15,D05,none
-77.7817459305202,21.2132034355964,72.1110255092798,hori,diagonal,S16,D05,none
-77.7817459305202,7.07106781186548,82.4621125123532,hori,diagonal,S17,D05,none
-63.6396103067893,35.3553390593274,100,hori,antidiag,S18,D05,none
-63.6396103067893,21.2132034355964,100,hori,diagonal,S19,D05,none
-63.6396103067893,7.07106781186548,107.70329614269,hori,diagonal,S20,D05,none
-49.4974746830583,35.3553390593274,128.062484748657,hori,antidiag,S21,D05,none
-49.4974746830583,21.2132034355964,128.062484748657,hori,diagonal,S22,D05,none
-49.4974746830583,7.07106781186548,134.164078649987,hori,diagonal,S23,D05,none
-35.3553390593274,35.3553390593274,156.204993518133,hori,antidiag,S24,D05,none
-35.3553390593274,21.2132034355964,156.204993518133,hori,diagonal,S25,D05,none
-35.3553390593274,7.07106781186548,161.245154965971,hori,diagonal,S26,D05,none
-21.2132034355964,49.4974746830583,188.679622641132,hori,antidiag,S27,D05,none
-21.2132034355964,35.3553390593274,184.390889145858,hori,antidiag,S28,D05,none
-21.2132034355964,21.2132034355964,184.390889145858,hori,diagonal,S29,D05,none
-21.2132034355964,7.07106781186548,188.679622641132,hori,diagonal,S30,D05,none
-7.07106781186548,49.4974746830583,216.333076527839,hori,antidiag,S31,D05,none
-7.07106781186548,35.3553390593274,212.602916254693,hori,antidiag,S32,D05,none
-106.066017177982,35.3553390593274,72.1110255092798,vert,antidiag,S07,D06,none
-106.066017177982,21.2132034355964,44.7213595499958,vert,antidiag,S08,D06,none
-106.066017177982,7.07106781186548,20,vert,antidiag,S09,D06,none
-106.066017177982,-7.07106781186548,20,vert,diagonal,S10,D06,none
-91.9238815542512,35.3553390593274,82.4621125123532,vert,antidiag,S11,D06,none
-91.9238815542512,21.2132034355964,60,vert,antidiag,S12,D06,none
-91.9238815542512,7.07106781186548,44.7213595499958,hori,antidiag,S13,D06,none
-91.9238815542512,-7.07106781186548,44.7213595499958,hori,diagonal,S14,D06,none
-77.7817459305202,21.2132034355964,82.4621125123532,hori,antidiag,S15,D06,none
-77.7817459305202,7.07106781186548,72.1110255092798,hori,antidiag,S16,D06,none
-77.7817459305202,-7.07106781186548,72.1110255092798,hori,diagonal,S17,D06,none
-63.6396103067893,21.2132034355964,107.70329614269,hori,antidiag,S18,D06,none
-63.6396103067893,7.07106781186548,100,hori,antidiag,S19,D06,none
-63.6396103067893,-7.07106781186548,100,hori,diagonal,S20,D06,none
-49.4974746830583,21.2132034355964,134.164078649987,hori,antidiag,S21,D06,none
-49.4974746830583,7.07106781186548,128.062484748657,hori,antidiag,S22,D06,none
-49.4974746830583,-7.07106781186548,128.062484748657,hori,diagonal,S23,D06,none
-35.3553390593274,21.2132034355964,161.245154965971,hori,antidiag,S24,D06,none
-35.3553390593274,7.07106781186548,156.204993518133,hori,antidiag,S25,D06,none
-35.3553390593274,-7.07106781186548,156.204993518133,hori,diagonal,S26,D06,none
-21.2132034355964,35.3553390593274,196.977156035922,hori,antidiag,S27,D06,none
-21.2132034355964,21.2132034355964,188.679622641132,hori,antidiag,S28,D06,none
-21.2132034355964,7.07106781186548,184.390889145858,hori,antidiag,S29,D06,none
-21.2132034355964,-7.07106781186548,184.390889145858,hori,diagonal,S30,D06,none
-7.07106781186548,35.3553390593274,223.606797749979,hori,antidiag,S31,D06,none
-7.07106781186548,21.2132034355964,216.333076527839,hori,antidiag,S32,D06,none
-91.9238815542512,63.6396103067893,20,vert,diagonal,S07,D07,none
-91.9238815542512,49.4974746830583,44.7213595499958,vert,diagonal,S07,D08,none
-91.9238815542512,35.3553390593274,72.1110255092798,vert,diagonal,S07,D09,none
-77.7817459305202,63.6396103067893,44.7213595499958,hori,diagonal,S07,D10,none
-77.7817459305202,49.4974746830583,60,vert,diagonal,S07,D11,none
-77.7817459305202,35.3553390593274,82.4621125123532,vert,diagonal,S07,D12,none
-77.7817459305202,21.2132034355964,107.70329614269,vert,diagonal,S07,D13,none
-63.6396103067893,49.4974746830583,82.4621125123532,hori,diagonal,S07,D14,none
-63.6396103067893,35.3553390593274,100,vert,diagonal,S07,D15,none
-63.6396103067893,21.2132034355964,121.655250605964,vert,diagonal,S07,D16,none
-49.4974746830583,49.4974746830583,107.70329614269,hori,diagonal,S07,D17,none
-49.4974746830583,35.3553390593274,121.655250605964,hori,diagonal,S07,D18,none
-49.4974746830583,21.2132034355964,140,vert,diagonal,S07,D19,none
-35.3553390593274,49.4974746830583,134.164078649987,hori,diagonal,S07,D20,none
-35.3553390593274,35.3553390593274,145.60219778561,hori,diagonal,S07,D21,none
-35.3553390593274,21.2132034355964,161.245154965971,hori,diagonal,S07,D22,none
-21.2132034355964,63.6396103067893,156.204993518133,hori,diagonal,S07,D23,none
-21.2132034355964,49.4974746830583,161.245154965971,hori,diagonal,S07,D24,none
-21.2132034355964,35.3553390593274,170.880074906351,hori,diagonal,S07,D25,none
-7.07106781186548,63.6396103067893,184.390889145858,hori,diagonal,S07,D26,none
-7.07106781186548,49.4974746830583,188.679622641132,hori,diagonal,S07,D27,none
-7.07106781186548,35.3553390593274,196.977156035922,hori,diagonal,S07,D28,none
-91.9238815542512,49.4974746830583,20,vert,antidiag,S08,D07,none
-91.9238815542512,35.3553390593274,20,vert,diagonal,S08,D08,none
-91.9238815542512,21.2132034355964,44.7213595499958,vert,diagonal,S08,D09,none
-77.7817459305202,49.4974746830583,44.7213595499958,hori,antidiag,S08,D10,none
-77.7817459305202,35.3553390593274,44.7213595499958,hori,diagonal,S08,D11,none
-77.7817459305202,21.2132034355964,60,vert,diagonal,S08,D12,none
-77.7817459305202,7.07106781186548,82.4621125123532,vert,diagonal,S08,D13,none
-63.6396103067893,35.3553390593274,72.1110255092798,hori,diagonal,S08,D14,none
-63.6396103067893,21.2132034355964,82.4621125123532,hori,diagonal,S08,D15,none
-63.6396103067893,7.07106781186548,100,vert,diagonal,S08,D16,none
-49.4974746830583,35.3553390593274,100,hori,diagonal,S08,D17,none
-49.4974746830583,21.2132034355964,107.70329614269,hori,diagonal,S08,D18,none
-49.4974746830583,7.07106781186548,121.655250605964,hori,diagonal,S08,D19,none
-35.3553390593274,35.3553390593274,128.062484748657,hori,diagonal,S08,D20,none
-35.3553390593274,21.2132034355964,134.164078649987,hori,diagonal,S08,D21,none
-35.3553390593274,7.07106781186548,145.60219778561,hori,diagonal,S08,D22,none
-21.2132034355964,49.4974746830583,156.204993518133,hori,antidiag,S08,D23,none
-21.2132034355964,35.3553390593274,156.204993518133,hori,diagonal,S08,D24,none
-21.2132034355964,21.2132034355964,161.245154965971,hori,diagonal,S08,D25,none
-7.07106781186548,49.4974746830583,184.390889145858,hori,antidiag,S08,D26,none
-7.07106781186548,35.3553390593274,184.390889145858,hori,diagonal,S08,D27,none
-7.07106781186548,21.2132034355964,188.679622641132,hori,diagonal,S08,D28,none
-91.9238815542512,35.3553390593274,44.7213595499958,vert,antidiag,S09,D07,none
-91.9238815542512,21.2132034355964,20,vert,antidiag,S09,D08,none
-91.9238815542512,7.07106781186548,20,vert,diagonal,S09,D09,none
-77.7817459305202,35.3553390593274,60,vert,antidiag,S09,D10,none
-77.7817459305202,21.2132034355964,44.7213595499958,hori,antidiag,S09,D11,none
-77.7817459305202,7.07106781186548,44.7213595499958,hori,diagonal,S09,D12,none
-77.7817459305202,-7.07106781186548,60,vert,diagonal,S09,D13,none
-63.6396103067893,21.2132034355964,72.1110255092798,hori,antidiag,S09,D14,none
-63.6396103067893,7.07106781186548,72.1110255092798,hori,diagonal,S09,D15,none
-63.6396103067893,-7.07106781186548,82.4621125123532,hori,diagonal,S09,D16,none
-49.4974746830583,21.2132034355964,100,hori,antidiag,S09,D17,none
-49.4974746830583,7.07106781186548,100,hori,diagonal,S09,D18,none
-49.4974746830583,-7.07106781186548,107.70329614269,hori,diagonal,S09,D19,none
-35.3553390593274,21.2132034355964,128.062484748657,hori,antidiag,S09,D20,none
-35.3553390593274,7.07106781186548,128.062484748657,hori,diagonal,S09,D21,none
-35.3553390593274,-7.07106781186548,134.164078649987,hori,diagonal,S09,D22,none
-21.2132034355964,35.3553390593274,161.245154965971,hori,antidiag,S09,D23,none
-21.2132034355964,21.2132034355964,156.204993518133,hori,antidiag,S09,D24,none
-21.2132034355964,7.07106781186548,156.204993518133,hori,diagonal,S09,D25,none
-7.07106781186548,35.3553390593274,188.679622641132,hori,antidiag,S09,D26,none
-7.07106781186548,21.2132034355964,184.390889145858,hori,antidiag,S09,D27,none
-7.07106781186548,7.07106781186548,184.390889145858,hori,diagonal,S09,D28,none
-91.9238815542512,21.2132034355964,72.1110255092798,vert,antidiag,S10,D07,none
-91.9238815542512,7.07106781186548,44.7213595499958,vert,antidiag,S10,D08,none
-91.9238815542512,-7.07106781186548,20,vert,antidiag,S10,D09,none
-77.7817459305202,21.2132034355964,82.4621125123532,vert,antidiag,S10,D10,none
-77.7817459305202,7.07106781186548,60,vert,antidiag,S10,D11,none
-77.7817459305202,-7.07106781186548,44.7213595499958,hori,antidiag,S10,D12,none
-77.7817459305202,-21.2132034355964,44.7213595499958,hori,diagonal,S10,D13,none
-63.6396103067893,7.07106781186548,82.4621125123532,hori,antidiag,S10,D14,none
-63.6396103067893,-7.07106781186548,72.1110255092798,hori,antidiag,S10,D15,none
-63.6396103067893,-21.2132034355964,72.1110255092798,hori,diagonal,S10,D16,none
-49.4974746830583,7.07106781186548,107.70329614269,hori,antidiag,S10,D17,none
-49.4974746830583,-7.07106781186548,100,hori,antidiag,S10,D18,none
-49.4974746830583,-21.2132034355964,100,hori,diagonal,S10,D19,none
-35.3553390593274,7.07106781186548,134.164078649987,hori,antidiag,S10,D20,none
-35.3553390593274,-7.07106781186548,128.062484748657,hori,antidiag,S10,D21,none
-35.3553390593274,-21.2132034355964,128.062484748657,hori,diagonal,S10,D22,none
-21.2132034355964,21.2132034355964,170.880074906351,hori,antidiag,S10,D23,none
-21.2132034355964,7.07106781186548,161.245154965971,hori,antidiag,S10,D24,none
-21.2132034355964,-7.07106781186548,156.204993518133,hori,antidiag,S10,D25,none
-7.07106781186548,21.2132034355964,196.977156035922,hori,antidiag,S10,D26,none
-7.07106781186548,7.07106781186548,188.679622641132,hori,antidiag,S10,D27,none
-7.07106781186548,-7.07106781186548,184.390889145858,hori,antidiag,S10,D28,none
-77.7817459305202,63.6396103067893,20,vert,antidiag,S11,D07,none
-77.7817459305202,49.4974746830583,20,vert,diagonal,S12,D07,none
-77.7817459305202,35.3553390593274,44.7213595499958,vert,diagonal,S13,D07,none
-77.7817459305202,21.2132034355964,72.1110255092798,vert,diagonal,S14,D07,none
-63.6396103067893,49.4974746830583,44.7213595499958,hori,diagonal,S15,D07,none
-63.6396103067893,35.3553390593274,60,vert,diagonal,S16,D07,none
-63.6396103067893,21.2132034355964,82.4621125123532,vert,diagonal,S17,D07,none
-49.4974746830583,49.4974746830583,72.1110255092798,hori,diagonal,S18,D07,none
-49.4974746830583,35.3553390593274,82.4621125123532,hori,diagonal,S19,D07,none
-49.4974746830583,21.2132034355964,100,vert,diagonal,S20,D07,none
-35.3553390593274,49.4974746830583,100,hori,diagonal,S21,D07,none
-35.3553390593274,35.3553390593274,107.70329614269,hori,diagonal,S22,D07,none
-35.3553390593274,21.2132034355964,121.655250605964,hori,diagonal,S23,D07,none
-21.2132034355964,49.4974746830583,128.062484748657,hori,diagonal,S24,D07,none
-21.2132034355964,35.3553390593274,134.164078649987,hori,diagonal,S25,D07,none
-21.2132034355964,21.2132034355964,145.60219778561,hori,diagonal,S26,D07,none
-7.07106781186548,63.6396103067893,156.204993518133,hori,antidiag,S27,D07,none
-7.07106781186548,49.4974746830583,156.204993518133,hori,diagonal,S28,D07,none
-7.07106781186548,35.3553390593274,161.245154965971,hori,diagonal,S29,D07,none
-7.07106781186548,21.2132034355964,170.880074906351,hori,diagonal,S30,D07,none
7.07106781186548,63.6396103067893,184.390889145858,hori,antidiag,S31,D07,none
7.07106781186548,49.4974746830583,184.390889145858,hori,diagonal,S32,D07,none
-77.7817459305202,49.4974746830583,44.7213595499958,vert,antidiag,S11,D08,none
-77.7817459305202,35.3553390593274,20,vert,antidiag,S12,D08,none
-77.7817459305202,21.2132034355964,20,vert,diagonal,S13,D08,none
-77.7817459305202,7.07106781186548,44.7213595499958,vert,diagonal,S14,D08,none
-63.6396103067893,35.3553390593274,44.7213595499958,hori,antidiag,S15,D08,none
-63.6396103067893,21.2132034355964,44.7213595499958,hori,diagonal,S16,D08,none
-63.6396103067893,7.07106781186548,60,vert,diagonal,S17,D08,none
-49.4974746830583,35.3553390593274,72.1110255092798,hori,antidiag,S18,D08,none
-49.4974746830583,21.2132034355964,72.1110255092798,hori,diagonal,S19,D08,none
-49.4974746830583,7.07106781186548,82.4621125123532,hori,diagonal,S20,D08,none
-35.3553390593274,35.3553390593274,100,hori,antidiag,S21,D08,none
-35.3553390593274,21.2132034355964,100,hori,diagonal,S22,D08,none
-35.3553390593274,7.07106781186548,107.70329614269,hori,diagonal,S23,D08,none
-21.2132034355964,35.3553390593274,128.062484748657,hori,antidiag,S24,D08,none
-21.2132034355964,21.2132034355964,128.062484748657,hori,diagonal,S25,D08,none
-21.2132034355964,7.07106781186548,134.164078649987,hori,diagonal,S26,D08,none
-7.07106781186548,49.4974746830583,161.245154965971,hori,antidiag,S27,D08,none
-7.07106781186548,35.3553390593274,156.204993518133,hori,antidiag,S28,D08,none
-7.07106781186548,21.2132034355964,156.204993518133,hori,diagonal,S29,D08,none
-7.07106781186548,7.07106781186548,161.245154965971,hori,diagonal,S30,D08,none
7.07106781186548,49.4974746830583,188.679622641132,hori,antidiag,S31,D08,none
7.07106781186548,35.3553390593274,184.390889145858,hori,antidiag,S32,D08,none
-77.7817459305202,35.3553390593274,72.1110255092798,vert,antidiag,S11,D09,none
-77.7817459305202,21.2132034355964,44.7213595499958,vert,antidiag,S12,D09,none
-77.7817459305202,7.07106781186548,20,vert,antidiag,S13,D09,none
-77.7817459305202,-7.07106781186548,20,vert,diagonal,S14,D09,none
-63.6396103067893,21.2132034355964,60,vert,antidiag,S15,D09,none
-63.6396103067893,7.07106781186548,44.7213595499958,hori,antidiag,S16,D09,none
-63.6396103067893,-7.07106781186548,44.7213595499958,hori,diagonal,S17,D09,none
-49.4974746830583,21.2132034355964,82.4621125123532,hori,antidiag,S18,D09,none
-49.4974746830583,7.07106781186548,72.1110255092798,hori,antidiag,S19,D09,none
-49.4974746830583,-7.07106781186548,72.1110255092798,hori,diagonal,S20,D09,none
-35.3553390593274,21.2132034355964,107.70329614269,hori,antidiag,S21,D09,none
-35.3553390593274,7.07106781186548,100,hori,antidiag,S22,D09,none
-35.3553390593274,-7.07106781186548,100,hori,diagonal,S23,D09,none
-21.2132034355964,21.2132034355964,134.164078649987,hori,antidiag,S24,D09,none
-21.2132034355964,7.07106781186548,128.062484748657,hori,antidiag,S25,D09,none
-21.2132034355964,-7.07106781186548,128.062484748657,hori,diagonal,S26,D09,none
-7.07106781186548,35.3553390593274,170.880074906351,hori,antidiag,S27,D09,none
-7.07106781186548,21.2132034355964,161.245154965971,hori,antidiag,S28,D09,none
-7.07106781186548,7.07106781186548,156.204993518133,hori,antidiag,S29,D09,none
-7.07106781186548,-7.07106781186548,156.204993518133,hori,diagonal,S30,D09,none
7.07106781186548,35.3553390593274,196.977156035922,hori,antidiag,S31,D09,none
7.07106781186548,21.2132034355964,188.679622641132,hori,antidiag,S32,D09,none
-63.6396103067893,63.6396103067893,20,vert,diagonal,S11,D10,none
-63.6396103067893,49.4974746830583,44.7213595499958,vert,diagonal,S11,D11,none
-63.6396103067893,35.3553390593274,72.1110255092798,vert,diagonal,S11,D12,none
-63.6396103067893,21.2132034355964,100,vert,diagonal,S11,D13,none
-49.4974746830583,49.4974746830583,60,vert,diagonal,S11,D14,none
-49.4974746830583,35.3553390593274,82.4621125123532,vert,diagonal,S11,D15,none
-49.4974746830583,21.2132034355964,107.70329614269,vert,diagonal,S11,D16,none
-35.3553390593274,49.4974746830583,82.4621125123532,hori,diagonal,S11,D17,none
-35.3553390593274,35.3553390593274,100,vert,diagonal,S11,D18,none
-35.3553390593274,21.2132034355964,121.655250605964,vert,diagonal,S11,D19,none
-21.2132034355964,49.4974746830583,107.70329614269,hori,diagonal,S11,D20,none
-21.2132034355964,35.3553390593274,121.655250605964,hori,diagonal,S11,D21,none
-21.2132034355964,21.2132034355964,140,vert,diagonal,S11,D22,none
-7.07106781186548,63.6396103067893,128.062484748657,hori,diagonal,S11,D23,none
-7.07106781186548,49.4974746830583,134.164078649987,hori,diagonal,S11,D24,none
-7.07106781186548,35.3553390593274,145.60219778561,hori,diagonal,S11,D25,none
7.07106781186548,63.6396103067893,156.204993518133,hori,diagonal,S11,D26,none
7.07106781186548,49.4974746830583,161.245154965971,hori,diagonal,S11,D27,none
7.07106781186548,35.3553390593274,170.880074906351,hori,diagonal,S11,D28,none
-63.6396103067893,49.4974746830583,20,vert,antidiag,S12,D10,none
-63.6396103067893,35.3553390593274,20,vert,diagonal,S12,D11,none
-63.6396103067893,21.2132034355964,44.7213595499958,vert,diagonal,S12,D12,none
-63.6396103067893,7.07106781186548,72.1110255092798,vert,diagonal,S12,D13,none
-49.4974746830583,35.3553390593274,44.7213595499958,hori,diagonal,S12,D14,none
-49.4974746830583,21.2132034355964,60,vert,diagonal,S12,D15,none
-49.4974746830583,7.07106781186548,82.4621125123532,vert,diagonal,S12,D16,none
-35.3553390593274,35.3553390593274,72.1110255092798,hori,diagonal,S12,D17,none
-35.3553390593274,21.2132034355964,82.4621125123532,hori,diagonal,S12,D18,none
-35.3553390593274,7.07106781186548,100,vert,diagonal,S12,D19,none
-21.2132034355964,35.3553390593274,100,hori,diagonal,S12,D20,none
-21.2132034355964,21.2132034355964,107.70329614269,hori,diagonal,S12,D21,none
-21.2132034355964,7.07106781186548,121.655250605964,hori,diagonal,S12,D22,none
-7.07106781186548,49.4974746830583,128.062484748657,hori,antidiag,S12,D23,none
-7.07106781186548,35.3553390593274,128.062484748657,hori,diagonal,S12,D24,none
-7.07106781186548,21.2132034355964,134.164078649987,hori,diagonal,S12,D25,none
7.07106781186548,49.4974746830583,156.204993518133,hori,antidiag,S12,D26,none
7.07106781186548,35.3553390593274,156.204993518133,hori,diagonal,S12,D27,none
7.07106781186548,21.2132034355964,161.245154965971,hori,diagonal,S12,D28,none
-63.6396103067893,35.3553390593274,44.7213595499958,vert,antidiag,S13,D10,none
-63.6396103067893,21.2132034355964,20,vert,antidiag,S13,D11,none
-63.6396103067893,7.07106781186548,20,vert,diagonal,S13,D12,none
-63.6396103067893,-7.07106781186548,44.7213595499958,vert,diagonal,S13,D13,none
-49.4974746830583,21.2132034355964,44.7213595499958,hori,antidiag,S13,D14,none
-49.4974746830583,7.07106781186548,44.7213595499958,hori,diagonal,S13,D15,none
-49.4974746830583,-7.07106781186548,60,vert,diagonal,S13,D16,none
-35.3553390593274,21.2132034355964,72.1110255092798,hori,antidiag,S13,D17,none
-35.3553390593274,7.07106781186548,72.1110255092798,hori,diagonal,S13,D18,none
-35.3553390593274,-7.07106781186548,82.4621125123532,hori,diagonal,S13,D19,none
-21.2132034355964,21.2132034355964,100,hori,antidiag,S13,D20,none
-21.2132034355964,7.07106781186548,100,hori,diagonal,S13,D21,none
-21.2132034355964,-7.07106781186548,107.70329614269,hori,diagonal,S13,D22,none
-7.07106781186548,35.3553390593274,134.164078649987,hori,antidiag,S13,D23,none
-7.07106781186548,21.2132034355964,128.062484748657,hori,antidiag,S13,D24,none
-7.07106781186548,7.07106781186548,128.062484748657,hori,diagonal,S13,D25,none
7.07106781186548,35.3553390593274,161.245154965971,hori,antidiag,S13,D26,none
7.07106781186548,21.2132034355964,156.204993518133,hori,antidiag,S13,D27,none
7.07106781186548,7.07106781186548,156.204993518133,hori,diagonal,S13,D28,none
-63.6396103067893,21.2132034355964,72.1110255092798,vert,antidiag,S14,D10,none
-63.6396103067893,7.07106781186548,44.7213595499958,vert,antidiag,S14,D11,none
-63.6396103067893,-7.07106781186548,20,vert,antidiag,S14,D12,none
-63.6396103067893,-21.2132034355964,20,vert,diagonal,S14,D13,none
-49.4974746830583,7.07106781186548,60,vert,antidiag,S14,D14,none
-49.4974746830583,-7.07106781186548,44.7213595499958,hori,antidiag,S14,D15,none
-49.4974746830583,-21.2132034355964,44.7213595499958,hori,diagonal,S14,D16,none
-35.3553390593274,7.07106781186548,82.4621125123532,hori,antidiag,S14,D17,none
-35.3553390593274,-7.07106781186548,72.1110255092798,hori,antidiag,S14,D18,none
-35.3553390593274,-21.2132034355964,72.1110255092798,hori,diagonal,S14,D19,none
-21.2132034355964,7.07106781186548,107.70329614269,hori,antidiag,S14,D20,none
-21.2132034355964,-7.07106781186548,100,hori,antidiag,S14,D21,none
-21.2132034355964,-21.2132034355964,100,hori,diagonal,S14,D22,none
-7.07106781186548,21.2132034355964,145.60219778561,hori,antidiag,S14,D23,none
-7.07106781186548,7.07106781186548,134.164078649987,hori,antidiag,S14,D24,none
-7.07106781186548,-7.07106781186548,128.062484748657,hori,antidiag,S14,D25,none
7.07106781186548,21.2132034355964,170.880074906351,hori,antidiag,S14,D26,none
7.07106781186548,7.07106781186548,161.245154965971,hori,antidiag,S14,D27,none
7.07106781186548,-7.07106781186548,156.204993518133,hori,antidiag,S14,D28,none
-49.4974746830583,49.4974746830583,20,vert,diagonal,S15,D10,none
-49.4974746830583,35.3553390593274,44.7213595499958,vert,diagonal,S16,D10,none
-49.4974746830583,21.2132034355964,72.1110255092798,vert,diagonal,S17,D10,none
-35.3553390593274,49.4974746830583,44.7213595499958,hori,diagonal,S18,D10,none
-35.3553390593274,35.3553390593274,60,vert,diagonal,S19,D10,none
-35.3553390593274,21.2132034355964,82.4621125123532,vert,diagonal,S20,D10,none
-21.2132034355964,49.4974746830583,72.1110255092798,hori,diagonal,S21,D10,none
-21.2132034355964,35.3553390593274,82.4621125123532,hori,diagonal,S22,D10,none
-21.2132034355964,21.2132034355964,100,vert,diagonal,S23,D10,none
-7.07106781186548,49.4974746830583,100,hori,diagonal,S24,D10,none
-7.07106781186548,35.3553390593274,107.70329614269,hori,diagonal,S25,D10,none
-7.07106781186548,21.2132034355964,121.655250605964,hori,diagonal,S26,D10,none
7.07106781186548,63.6396103067893,128.062484748657,hori,antidiag,S27,D10,none
7.07106781186548,49.4974746830583,128.062484748657,hori,diagonal,S28,D10,none
7.07106781186548,35.3553390593274,134.164078649987,hori,diagonal,S29,D10,none
7.07106781186548,21.2132034355964,145.60219778561,hori,diagonal,S30,D10,none
21.2132034355964,63.6396103067893,156.204993518133,hori,antidiag,S31,D10,none
21.2132034355964,49.4974746830583,156.204993518133,hori,diagonal,S32,D10,none
-49.4974746830583,35.3553390593274,20,vert,antidiag,S15,D11,none
-49.4974746830583,21.2132034355964,20,vert,diagonal,S16,D11,none
-49.4974746830583,7.07106781186548,44.7213595499958,vert,diagonal,S17,D11,none
-35.3553390593274,35.3553390593274,44.7213595499958,hori,antidiag,S18,D11,none
-35.3553390593274,21.2132034355964,44.7213595499958,hori,diagonal,S19,D11,none
-35.3553390593274,7.07106781186548,60,vert,diagonal,S20,D11,none
-21.2132034355964,35.3553390593274,72.1110255092798,hori,antidiag,S21,D11,none
-21.2132034355964,21.2132034355964,72.1110255092798,hori,diagonal,S22,D11,none
-21.2132034355964,7.07106781186548,82.4621125123532,hori,diagonal,S23,D11,none
-7.07106781186548,35.3553390593274,100,hori,antidiag,S24,D11,none
-7.07106781186548,21.2132034355964,100,hori,diagonal,S25,D11,none
-7.07106781186548,7.07106781186548,107.70329614269,hori,diagonal,S26,D11,none
7.07106781186548,49.4974746830583,134.164078649987,hori,antidiag,S27,D11,none
7.07106781186548,35.3553390593274,128.062484748657,hori,antidiag,S28,D11,none
7.07106781186548,21.2132034355964,128.062484748657,hori,diagonal,S29,D11,none
7.07106781186548,7.07106781186548,134.164078649987,hori,diagonal,S30,D11,none
21.2132034355964,49.4974746830583,161.245154965971,hori,antidiag,S31,D11,none
21.2132034355964,35.3553390593274,156.204993518133,hori,antidiag,S32,D11,none
-49.4974746830583,21.2132034355964,44.7213595499958,vert,antidiag,S15,D12,none
-49.4974746830583,7.07106781186548,20,vert,antidiag,S16,D12,none
-49.4974746830583,-7.07106781186548,20,vert,diagonal,S17,D12,none
-35.3553390593274,21.2132034355964,60,vert,antidiag,S18,D12,none
-35.3553390593274,7.07106781186548,44.7213595499958,hori,antidiag,S19,D12,none
-35.3553390593274,-7.07106781186548,44.7213595499958,hori,diagonal,S20,D12,none
-21.2132034355964,21.2132034355964,82.4621125123532,hori,antidiag,S21,D12,none
-21.2132034355964,7.07106781186548,72.1110255092798,hori,antidiag,S22,D12,none
-21.2132034355964,-7.07106781186548,72.1110255092798,hori,diagonal,S23,D12,none
-7.07106781186548,21.2132034355964,107.70329614269,hori,antidiag,S24,D12,none
-7.07106781186548,7.07106781186548,100,hori,antidiag,S25,D12,none
-7.07106781186548,-7.07106781186548,100,hori,diagonal,S26,D12,none
7.07106781186548,35.3553390593274,145.60219778561,hori,antidiag,S27,D12,none
7.07106781186548,21.2132034355964,134.164078649987,hori,antidiag,S28,D12,none
7.07106781186548,7.07106781186548,128.062484748657,hori,antidiag,S29,D12,none
7.07106781186548,-7.07106781186548,128.062484748657,hori,diagonal,S30,D12,none
21.2132034355964,35.3553390593274,170.880074906351,hori,antidiag,S31,D12,none
21.2132034355964,21.2132034355964,161.245154965971,hori,antidiag,S32,D12,none
-49.4974746830583,7.07106781186548,72.1110255092798,vert,antidiag,S15,D13,none
-49.4974746830583,-7.07106781186548,44.7213595499958,vert,antidiag,S16,D13,none
-49.4974746830583,-21.2132034355964,20,vert,antidiag,S17,D13,none
-35.3553390593274,7.07106781186548,82.4621125123532,vert,antidiag,S18,D13,none
-35.3553390593274,-7.07106781186548,60,vert,antidiag,S19,D13,none
-35.3553390593274,-21.2132034355964,44.7213595499958,hori,antidiag,S20,D13,none
-21.2132034355964,7.07106781186548,100,vert,antidiag,S21,D13,none
-21.2132034355964,-7.07106781186548,82.4621125123532,hori,antidiag,S22,D13,none
-21.2132034355964,-21.2132034355964,72.1110255092798,hori,antidiag,S23,D13,none
-7.07106781186548,7.07106781186548,121.655250605964,hori,antidiag,S24,D13,none
-7.07106781186548,-7.07106781186548,107.70329614269,hori,antidiag,S25,D13,none
-7.07106781186548,-21.2132034355964,100,hori,antidiag,S26,D13,none
7.07106781186548,21.2132034355964,161.245154965971,hori,antidiag,S27,D13,none
7.07106781186548,7.07106781186548,145.60219778561,hori,antidiag,S28,D13,none
7.07106781186548,-7.07106781186548,134.164078649987,hori,antidiag,S29,D13,none
7.07106781186548,-21.2132034355964,128.062484748657,hori,antidiag,S30,D13,none
21.2132034355964,21.2132034355964,184.390889145858,hori,antidiag,S31,D13,none
21.2132034355964,7.07106781186548,170.880074906351,hori,antidiag,S32,D13,none
-35.3553390593274,35.3553390593274,20,vert,diagonal,S15,D14,none
-35.3553390593274,21.2132034355964,44.7213595499958,vert,diagonal,S15,D15,none
-35.3553390593274,7.07106781186548,72.1110255092798,vert,diagonal,S15,D16,none
-21.2132034355964,35.3553390593274,44.7213595499958,hori,diagonal,S15,D17,none
-21.2132034355964,21.2132034355964,60,vert,diagonal,S15,D18,none
-21.2132034355964,7.07106781186548,82.4621125123532,vert,diagonal,S15,D19,none
-7.07106781186548,35.3553390593274,72.1110255092798,hori,diagonal,S15,D20,none
-7.07106781186548,21.2132034355964,82.4621125123532,hori,diagonal,S15,D21,none
-7.07106781186548,7.07106781186548,100,vert,diagonal,S15,D22,none
7.07106781186548,49.4974746830583,100,hori,antidiag,S15,D23,none
7.07106781186548,35.3553390593274,100,hori,diagonal,S15,D24,none
7.07106781186548,21.2132034355964,107.70329614269,hori,diagonal,S15,D25,none
21.2132034355964,49.4974746830583,128.062484748657,hori,antidiag,S15,D26,none
21.2132034355964,35.3553390593274,128.062484748657,hori,diagonal,S15,D27,none
21.2132034355964,21.2132034355964,134.164078649987,hori,diagonal,S15,D28,none
-35.3553390593274,21.2132034355964,20,vert,antidiag,S16,D14,none
-35.3553390593274,7.07106781186548,20,vert,diagonal,S16,D15,none
-35.3553390593274,-7.07106781186548,44.7213595499958,vert,diagonal,S16,D16,none
-21.2132034355964,21.2132034355964,44.7213595499958,hori,antidiag,S16,D17,none
-21.2132034355964,7.07106781186548,44.7213595499958,hori,diagonal,S16,D18,none
-21.2132034355964,-7.07106781186548,60,vert,diagonal,S16,D19,none
-7.07106781186548,21.2132034355964,72.1110255092798,hori,antidiag,S16,D20,none
-7.07106781186548,7.07106781186548,72.1110255092798,hori,diagonal,S16,D21,none
-7.07106781186548,-7.07106781186548,82.4621125123532,hori,diagonal,S16,D22,none
7.07106781186548,35.3553390593274,107.70329614269,hori,antidiag,S16,D23,none
7.07106781186548,21.2132034355964,100,hori,antidiag,S16,D24,none
7.07106781186548,7.07106781186548,100,hori,diagonal,S16,D25,none
21.2132034355964,35.3553390593274,134.164078649987,hori,antidiag,S16,D26,none
21.2132034355964,21.2132034355964,128.062484748657,hori,antidiag,S16,D27,none
21.2132034355964,7.07106781186548,128.062484748657,hori,diagonal,S16,D28,none
-35.3553390593274,7.07106781186548,44.7213595499958,vert,antidiag,S17,D14,none
-35.3553390593274,-7.07106781186548,20,vert,antidiag,S17,D15,none
-35.3553390593274,-21.2132034355964,20,vert,diagonal,S17,D16,none
-21.2132034355964,7.07106781186548,60,vert,antidiag,S17,D17,none
-21.2132034355964,-7.07106781186548,44.7213595499958,hori,antidiag,S17,D18,none
-21.2132034355964,-21.2132034355964,44.7213595499958,hori,diagonal,S17,D19,none
-7.07106781186548,7.07106781186548,82.4621125123532,hori,antidiag,S17,D20,none
-7.07106781186548,-7.07106781186548,72.1110255092798,hori,antidiag,S17,D21,none
-7.07106781186548,-21.2132034355964,72.1110255092798,hori,diagonal,S17,D22,none
7.07106781186548,21.2132034355964,121.655250605964,hori,antidiag,S17,D23,none
7.07106781186548,7.07106781186548,107.70329614269,hori,antidiag,S17,D24,none
7.07106781186548,-7.07106781186548,100,hori,antidiag,S17,D25,none
21.2132034355964,21.2132034355964,145.60219778561,hori,antidiag,S17,D26,none
21.2132034355964,7.07106781186548,134.164078649987,hori,antidiag,S17,D27,none
21.2132034355964,-7.07106781186548,128.062484748657,hori,antidiag,S17,D28,none
-21.2132034355964,35.3553390593274,20,vert,antidiag,S18,D14,none
-21.2132034355964,21.2132034355964,20,vert,diagonal,S19,D14,none
-21.2132034355964,7.07106781186548,44.7213595499958,vert,diagonal,S20,D14,none
-7.07106781186548,35.3553390593274,44.7213595499958,hori,antidiag,S21,D14,none
-7.07106781186548,21.2132034355964,44.7213595499958,hori,diagonal,S22,D14,none
-7.07106781186548,7.07106781186548,60,vert,diagonal,S23,D14,none
7.07106781186548,35.3553390593274,72.1110255092798,hori,antidiag,S24,D14,none
7.07106781186548,21.2132034355964,72.1110255092798,hori,diagonal,S25,D14,none
7.07106781186548,7.07106781186548,82.4621125123532,hori,diagonal,S26,D14,none
21.2132034355964,49.4974746830583,107.70329614269,hori,antidiag,S27,D14,none
21.2132034355964,35.3553390593274,100,hori,antidiag,S28,D14,none
21.2132034355964,21.2132034355964,100,hori,diagonal,S29,D14,none
21.2132034355964,7.07106781186548,107.70329614269,hori,diagonal,S30,D14,none
35.3553390593274,49.4974746830583,134.164078649987,hori,antidiag,S31,D14,none
35.3553390593274,35.3553390593274,128.062484748657,hori,antidiag,S32,D14,none
-21.2132034355964,21.2132034355964,44.7213595499958,vert,antidiag,S18,D15,none
-21.2132034355964,7.07106781186548,20,vert,antidiag,S19,D15,none
-21.2132034355964,-7.07106781186548,20,vert,diagonal,S20,D15,none
-7.07106781186548,21.2132034355964,60,vert,antidiag,S21,D15,none
-7.07106781186548,7.07106781186548,44.7213595499958,hori,antidiag,S22,D15,none
-7.07106781186548,-7.07106781186548,44.7213595499958,hori,diagonal,S23,D15,none
7.07106781186548,21.2132034355964,82.4621125123532,hori,antidiag,S24,D15,none
7.07106781186548,7.07106781186548,72.1110255092798,hori,antidiag,S25,D15,none
7.07106781186548,-7.07106781186548,72.1110255092798,hori,diagonal,S26,D15,none
21.2132034355964,35.3553390593274,121.655250605964,hori,antidiag,S27,D15,none
21.2132034355964,21.2132034355964,107.70329614269,hori,antidiag,S28,D15,none
21.2132034355964,7.07106781186548,100,hori,antidiag,S29,D15,none
21.2132034355964,-7.07106781186548,100,hori,diagonal,S30,D15,none
35.3553390593274,35.3553390593274,145.60219778561,hori,antidiag,S31,D15,none
35.3553390593274,21.2132034355964,134.164078649987,hori,antidiag,S32,D15,none
-21.2132034355964,7.07106781186548,72.1110255092798,vert,antidiag,S18,D16,none
-21.2132034355964,-7.07106781186548,44.7213595499958,vert,antidiag,S19,D16,none
-21.2132034355964,-21.2132034355964,20,vert,antidiag,S20,D16,none
-7.07106781186548,7.07106781186548,82.4621125123532,vert,antidiag,S21,D16,none
-7.07106781186548,-7.07106781186548,60,vert,antidiag,S22,D16,none
-7.07106781186548,-21.2132034355964,44.7213595499958,hori,antidiag,S23,D16,none
7.07106781186548,7.07106781186548,100,vert,antidiag,S24,D16,none
7.07106781186548,-7.07106781186548,82.4621125123532,hori,antidiag,S25,D16,none
7.07106781186548,-21.2132034355964,72.1110255092798,hori,antidiag,S26,D16,none
21.2132034355964,21.2132034355964,140,vert,antidiag,S27,D16,none
21.2132034355964,7.07106781186548,121.655250605964,hori,antidiag,S28,D16,none
21.2132034355964,-7.07106781186548,107.70329614269,hori,antidiag,S29,D16,none
21.2132034355964,-21.2132034355964,100,hori,antidiag,S30,D16,none
35.3553390593274,21.2132034355964,161.245154965971,hori,antidiag,S31,D16,none
35.3553390593274,7.07106781186548,145.60219778561,hori,antidiag,S32,D16,none
-7.07106781186548,35.3553390593274,20,vert,diagonal,S18,D17,none
-7.07106781186548,21.2132034355964,44.7213595499958,vert,diagonal,S18,D18,none
-7.07106781186548,7.07106781186548,72.1110255092798,vert,diagonal,S18,D19,none
7.07106781186548,35.3553390593274,44.7213595499958,hori,diagonal,S18,D20,none
7.07106781186548,21.2132034355964,60,vert,diagonal,S18,D21,none
7.07106781186548,7.07106781186548,82.4621125123532,vert,diagonal,S18,D22,none
21.2132034355964,49.4974746830583,72.1110255092798,hori,antidiag,S18,D23,none
21.2132034355964,35.3553390593274,72.1110255092798,hori,diagonal,S18,D24,none
21.2132034355964,21.2132034355964,82.4621125123532,hori,diagonal,S18,D25,none
35.3553390593274,49.4974746830583,100,hori,antidiag,S18,D26,none
35.3553390593274,35.3553390593274,100,hori,diagonal,S18,D27,none
35.3553390593274,21.2132034355964,107.70329614269,hori,diagonal,S18,D28,none
-7.07106781186548,21.2132034355964,20,vert,antidiag,S19,D17,none
-7.07106781186548,7.07106781186548,20,vert,diagonal,S19,D18,none
-7.07106781186548,-7.07106781186548,44.7213595499958,vert,diagonal,S19,D19,none
7.07106781186548,21.2132034355964,44.7213595499958,hori,antidiag,S19,D20,none
7.07106781186548,7.07106781186548,44.7213595499958,hori,diagonal,S19,D21,none
7.07106781186548,-7.07106781186548,60,vert,diagonal,S19,D22,none
21.2132034355964,35.3553390593274,82.4621125123532,hori,antidiag,S19,D23,none
21.2132034355964,21.2132034355964,72.1110255092798,hori,antidiag,S19,D24,none
21.2132034355964,7.07106781186548,72.1110255092798,hori,diagonal,S19,D25,none
35.3553390593274,35.3553390593274,107.70329614269,hori,antidiag,S19,D26,none
35.3553390593274,21.2132034355964,100,hori,antidiag,S19,D27,none
35.3553390593274,7.07106781186548,100,hori,diagonal,S19,D28,none
-7.07106781186548,7.07106781186548,44.7213595499958,vert,antidiag,S20,D17,none
-7.07106781186548,-7.07106781186548,20,vert,antidiag,S20,D18,none
-7.07106781186548,-21.2132034355964,20,vert,diagonal,S20,D19,none
7.07106781186548,7.07106781186548,60,vert,antidiag,S20,D20,none
7.07106781186548,-7.07106781186548,44.7213595499958,hori,antidiag,S20,D21,none
7.07106781186548,-21.2132034355964,44.7213595499958,hori,diagonal,S20,D22,none
21.2132034355964,21.2132034355964,100,vert,antidiag,S20,D23,none
21.2132034355964,7.07106781186548,82.4621125123532,hori,antidiag,S20,D24,none
21.2132034355964,-7.07106781186548,72.1110255092798,hori,antidiag,S20,D25,none
35.3553390593274,21.2132034355964,121.655250605964,hori,antidiag,S20,D26,none
35.3553390593274,7.07106781186548,107.70329614269,hori,antidiag,S20,D27,none
35.3553390593274,-7.07106781186548,100,hori,antidiag,S20,D28,none
7.07106781186548,35.3553390593274,20,vert,antidiag,S21,D17,none
7.07106781186548,21.2132034355964,20,vert,diagonal,S22,D17,none
7.07106781186548,7.07106781186548,44.7213595499958,vert,diagonal,S23,D17,none
21.2132034355964,35.3553390593274,44.7213595499958,hori,antidiag,S24,D17,none
21.2132034355964,21.2132034355964,44.7213595499958,hori,diagonal,S25,D17,none
21.2132034355964,7.07106781186548,60,vert,diagonal,S26,D17,none
35.3553390593274,49.4974746830583,82.4621125123532,hori,antidiag,S27,D17,none
35.3553390593274,35.3553390593274,72.1110255092798,hori,antidiag,S28,D17,none
35.3553390593274,21.2132034355964,72.1110255092798,hori,diagonal,S29,D17,none
35.3553390593274,7.07106781186548,82.4621125123532,hori,diagonal,S30,D17,none
49.4974746830583,49.4974746830583,107.70329614269,hori,antidiag,S31,D17,none
49.4974746830583,35.3553390593274,100,hori,antidiag,S32,D17,none
7.07106781186548,21.2132034355964,44.7213595499958,vert,antidiag,S21,D18,none
7.07106781186548,7.07106781186548,20,vert,antidiag,S22,D18,none
7.07106781186548,-7.07106781186548,20,vert,diagonal,S23,D18,none
21.2132034355964,21.2132034355964,60,vert,antidiag,S24,D18,none
21.2132034355964,7.07106781186548,44.7213595499958,hori,antidiag,S25,D18,none
21.2132034355964,-7.07106781186548,44.7213595499958,hori,diagonal,S26,D18,none
35.3553390593274,35.3553390593274,100,vert,antidiag,S27,D18,none
35.3553390593274,21.2132034355964,82.4621125123532,hori,antidiag,S28,D18,none
35.3553390593274,7.07106781186548,72.1110255092798,hori,antidiag,S29,D18,none
35.3553390593274,-7.07106781186548,72.1110255092798,hori,diagonal,S30,D18,none
49.4974746830583,35.3553390593274,121.655250605964,hori,antidiag,S31,D18,none
49.4974746830583,21.2132034355964,107.70329614269,hori,antidiag,S32,D18,none
7.07106781186548,7.07106781186548,72.1110255092798,vert,antidiag,S21,D19,none
7.07106781186548,-7.07106781186548,44.7213595499958,vert,antidiag,S22,D19,none
7.07106781186548,-21.2132034355964,20,vert,antidiag,S23,D19,none
21.2132034355964,7.07106781186548,82.4621125123532,vert,antidiag,S24,D19,none
21.2132034355964,-7.07106781186548,60,vert,antidiag,S25,D19,none
21.2132034355964,-21.2132034355964,44.7213595499958,hori,antidiag,S26,D19,none
35.3553390593274,21.2132034355964,121.655250605964,vert,antidiag,S27,D19,none
35.3553390593274,7.07106781186548,100,vert,antidiag,S28,D19,none
35.3553390593274,-7.07106781186548,82.4621125123532,hori,antidiag,S29,D19,none
35.3553390593274,-21.2132034355964,72.1110255092798,hori,antidiag,S30,D19,none
49.4974746830583,21.2132034355964,140,vert,antidiag,S31,D19,none
49.4974746830583,7.07106781186548,121.655250605964,hori,antidiag,S32,D19,none
21.2132034355964,35.3553390593274,20,vert,diagonal,S21,D20,none
21.2132034355964,21.2132034355964,44.7213595499958,vert,diagonal,S21,D21,none
21.2132034355964,7.07106781186548,72.1110255092798,vert,diagonal,S21,D22,none
35.3553390593274,49.4974746830583,44.7213595499958,hori,antidiag,S21,D23,none
35.3553390593274,35.3553390593274,44.7213595499958,hori,diagonal,S21,D24,none
35.3553390593274,21.2132034355964,60,vert,diagonal,S21,D25,none
49.4974746830583,49.4974746830583,72.1110255092798,hori,antidiag,S21,D26,none
49.4974746830583,35.3553390593274,72.1110255092798,hori,diagonal,S21,D27,none
49.4974746830583,21.2132034355964,82.4621125123532,hori,diagonal,S21,D28,none
21.2132034355964,21.2132034355964,20,vert,antidiag,S22,D20,none
21.2132034355964,7.07106781186548,20,vert,diagonal,S22,D21,none
21.2132034355964,-7.07106781186548,44.7213595499958,vert,diagonal,S22,D22,none
35.3553390593274,35.3553390593274,60,vert,antidiag,S22,D23,none
35.3553390593274,21.2132034355964,44.7213595499958,hori,antidiag,S22,D24,none
35.3553390593274,7.07106781186548,44.7213595499958,hori,diagonal,S22,D25,none
49.4974746830583,35.3553390593274,82.4621125123532,hori,antidiag,S22,D26,none
49.4974746830583,21.2132034355964,72.1110255092798,hori,antidiag,S22,D27,none
49.4974746830583,7.07106781186548,72.1110255092798,hori,diagonal,S22,D28,none
21.2132034355964,7.07106781186548,44.7213595499958,vert,antidiag,S23,D20,none
21.2132034355964,-7.07106781186548,20,vert,antidiag,S23,D21,none
21.2132034355964,-21.2132034355964,20,vert,diagonal,S23,D22,none
35.3553390593274,21.2132034355964,82.4621125123532,vert,antidiag,S23,D23,none
35.3553390593274,7.07106781186548,60,vert,antidiag,S23,D24,none
35.3553390593274,-7.07106781186548,44.7213595499958,hori,antidiag,S23,D25,none
49.4974746830583,21.2132034355964,100,vert,antidiag,S23,D26,none
49.4974746830583,7.07106781186548,82.4621125123532,hori,antidiag,S23,D27,none
49.4974746830583,-7.07106781186548,72.1110255092798,hori,antidiag,S23,D28,none
35.3553390593274,35.3553390593274,20,vert,antidiag,S24,D20,none
35.3553390593274,21.2132034355964,20,vert,diagonal,S25,D20,none
35.3553390593274,7.07106781186548,44.7213595499958,vert,diagonal,S26,D20,none
49.4974746830583,49.4974746830583,60,vert,antidiag,S27,D20,none
49.4974746830583,35.3553390593274,44.7213595499958,hori,antidiag,S28,D20,none
49.4974746830583,21.2132034355964,44.7213595499958,hori,diagonal,S29,D20,none
49.4974746830583,7.07106781186548,60,vert,diagonal,S30,D20,none
63.6396103067893,49.4974746830583,82.4621125123532,hori,antidiag,S31,D20,none
63.6396103067893,35.3553390593274,72.1110255092798,hori,antidiag,S32,D20,none
35.3553390593274,21.2132034355964,44.7213595499958,vert,antidiag,S24,D21,none
35.3553390593274,7.07106781186548,20,vert,antidiag,S25,D21,none
35.3553390593274,-7.07106781186548,20,vert,diagonal,S26,D21,none
49.4974746830583,35.3553390593274,82.4621125123532,vert,antidiag,S27,D21,none
49.4974746830583,21.2132034355964,60,vert,antidiag,S28,D21,none
49.4974746830583,7.07106781186548,44.7213595499958,hori,antidiag,S29,D21,none
49.4974746830583,-7.07106781186548,44.7213595499958,hori,diagonal,S30,D21,none
63.6396103067893,35.3553390593274,100,vert,antidiag,S31,D21,none
63.6396103067893,21.2132034355964,82.4621125123532,hori,antidiag,S32,D21,none
35.3553390593274,7.07106781186548,72.1110255092798,vert,antidiag,S24,D22,none
35.3553390593274,-7.07106781186548,44.7213595499958,vert,antidiag,S25,D22,none
35.3553390593274,-21.2132034355964,20,vert,antidiag,S26,D22,none
49.4974746830583,21.2132034355964,107.70329614269,vert,antidiag,S27,D22,none
49.4974746830583,7.07106781186548,82.4621125123532,vert,antidiag,S28,D22,none
49.4974746830583,-7.07106781186548,60,vert,antidiag,S29,D22,none
49.4974746830583,-21.2132034355964,44.7213595499958,hori,antidiag,S30,D22,none
63.6396103067893,21.2132034355964,121.655250605964,vert,antidiag,S31,D22,none
63.6396103067893,7.07106781186548,100,vert,antidiag,S32,D22,none
49.4974746830583,49.4974746830583,20,vert,antidiag,S24,D23,none
49.4974746830583,35.3553390593274,20,vert,diagonal,S24,D24,none
49.4974746830583,21.2132034355964,44.7213595499958,vert,diagonal,S24,D25,none
63.6396103067893,49.4974746830583,44.7213595499958,hori,antidiag,S24,D26,none
63.6396103067893,35.3553390593274,44.7213595499958,hori,diagonal,S24,D27,none
63.6396103067893,21.2132034355964,60,vert,diagonal,S24,D28,none
49.4974746830583,35.3553390593274,44.7213595499958,vert,antidiag,S25,D23,none
49.4974746830583,21.2132034355964,20,vert,antidiag,S25,D24,none
49.4974746830583,7.07106781186548,20,vert,diagonal,S25,D25,none
63.6396103067893,35.3553390593274,60,vert,antidiag,S25,D26,none
63.6396103067893,21.2132034355964,44.7213595499958,hori,antidiag,S25,D27,none
63.6396103067893,7.07106781186548,44.7213595499958,hori,diagonal,S25,D28,none
49.4974746830583,21.2132034355964,72.1110255092798,vert,antidiag,S26,D23,none
49.4974746830583,7.07106781186548,44.7213595499958,vert,antidiag,S26,D24,none
49.4974746830583,-7.07106781186548,20,vert,antidiag,S26,D25,none
63.6396103067893,21.2132034355964,82.4621125123532,vert,antidiag,S26,D26,none
63.6396103067893,7.07106781186548,60,vert,antidiag,S26,D27,none
63.6396103067893,-7.07106781186548,44.7213595499958,hori,antidiag,S26,D28,none
63.6396103067893,63.6396103067893,20,vert,antidiag,S27,D23,none
63.6396103067893,49.4974746830583,20,vert,diagonal,S28,D23,none
63.6396103067893,35.3553390593274,44.7213595499958,vert,diagonal,S29,D23,none
63.6396103067893,21.2132034355964,72.1110255092798,vert,diagonal,S30,D23,none
77.7817459305202,63.6396103067893,44.7213595499958,hori,antidiag,S31,D23,none
77.7817459305202,49.4974746830583,44.7213595499958,hori,diagonal,S32,D23,none
63.6396103067893,49.4974746830583,44.7213595499958,vert,antidiag,S27,D24,none
63.6396103067893,35.3553390593274,20,vert,antidiag,S28,D24,none
63.6396103067893,21.2132034355964,20,vert,diagonal,S29,D24,none
63.6396103067893,7.07106781186548,44.7213595499958,vert,diagonal,S30,D24,none
77.7817459305202,49.4974746830583,60,vert,antidiag,S31,D24,none
77.7817459305202,35.3553390593274,44.7213595499958,hori,antidiag,S32,D24,none
63.6396103067893,35.3553390593274,72.1110255092798,vert,antidiag,S27,D25,none
63.6396103067893,21.2132034355964,44.7213595499958,vert,antidiag,S28,D25,none
63.6396103067893,7.07106781186548,20,vert,antidiag,S29,D25,none
63.6396103067893,-7.07106781186548,20,vert,diagonal,S30,D25,none
77.7817459305202,35.3553390593274,82.4621125123532,vert,antidiag,S31,D25,none
77.7817459305202,21.2132034355964,60,vert,antidiag,S32,D25,none
77.7817459305202,63.6396103067893,20,vert,diagonal,S27,D26,none
77.7817459305202,49.4974746830583,44.7213595499958,vert,diagonal,S27,D27,none
77.7817459305202,35.3553390593274,72.1110255092798,vert,diagonal,S27,D28,none
77.7817459305202,49.4974746830583,20,vert,antidiag,S28,D26,none
77.7817459305202,35.3553390593274,20,vert,diagonal,S28,D27,none
77.7817459305202,21.2132034355964,44.7213595499958,vert,diagonal,S28,D28,none
77.7817459305202,35.3553390593274,44.7213595499958,vert,antidiag,S29,D26,none
77.7817459305202,21.2132034355964,20,vert,antidiag,S29,D27,none
77.7817459305202,7.07106781186548,20,vert,diagonal,S29,D28,none
77.7817459305202,21.2132034355964,72.1110255092798,vert,antidiag,S30,D26,none
77.7817459305202,7.07106781186548,44.7213595499958,vert,antidiag,S30,D27,none
77.7817459305202,-7.07106781186548,20,vert,antidiag,S30,D28,none
91.9238815542512,63.6396103067893,20,vert,antidiag,S31,D26,none
91.9238815542512,49.4974746830583,20,vert,diagonal,S32,D26,none
91.9238815542512,49.4974746830583,44.7213595499958,vert,antidiag,S31,D27,none
91.9238815542512,35.3553390593274,20,vert,antidiag,S32,D27,none
91.9238815542512,35.3553390593274,72.1110255092798,vert,antidiag,S31,D28,none
91.9238815542512,21.2132034355964,44.7213595499958,vert,antidiag,S32,D28,none
-155.56349186104,74.7106781186548,8,scd,scd,S01,D29,none
-155.56349186104,46.4264068711929,8,scd,scd,S02,D30,none
-155.56349186104,18.142135623731,8,scd,scd,S03,D31,none
-127.279220613579,74.7106781186548,8,scd,scd,S04,D32,none
-127.279220613579,46.4264068711929,8,scd,scd,S05,D33,none
-127.279220613579,18.142135623731,8,scd,scd,S06,D34,none
-98.9949493661167,18.142135623731,8,scd,scd,S09,D35,none
-98.9949493661167,-10.142135623731,8,scd,scd,S10,D36,none
-98.9949493661167,74.7106781186548,8,scd,scd,S07,D37,none
-98.9949493661167,46.4264068711929,8,scd,scd,S08,D38,none
-70.7106781186548,74.7106781186548,8,scd,scd,S11,D39,none
-70.7106781186548,46.4264068711929,8,scd,scd,S12,D40,none
-70.7106781186548,18.142135623731,8,scd,scd,S13,D41,none
-70.7106781186548,-10.142135623731,8,scd,scd,S14,D42,none
-42.4264068711929,46.4264068711929,8,scd,scd,S15,D43,none
-42.4264068711929,18.142135623731,8,scd,scd,S16,D44,none
-42.4264068711929,-10.142135623731,8,scd,scd,S17,D45,none
-14.142135623731,46.4264068711929,8,scd,scd,S18,D46,none
-14.142135623731,18.142135623731,8,scd,scd,S19,D47,none
-14.142135623731,-10.142135623731,8,scd,scd,S20,D48,none
14.142135623731,46.4264068711929,8,scd,scd,S21,D49,none
14.142135623731,18.142135623731,8,scd,scd,S22,D50,none
14.142135623731,-10.142135623731,8,scd,scd,S23,D51,none
42.4264068711929,46.4264068711929,8,scd,scd,S24,D52,none
42.4264068711929,18.142135623731,8,scd,scd,S25,D53,none
42.4264068711929,-10.142135623731,8,scd,scd,S26,D54,none
70.7106781186548,74.7106781186548,8,scd,scd,S27,D55,none
70.7106781186548,46.4264068711929,8,scd,scd,S28,D56,none
70.7106781186548,18.142135623731,8,scd,scd,S29,D57,none
70.7106781186548,-10.142135623731,8,scd,scd,S30,D58,none
98.9949493661167,74.7106781186548,8,scd,scd,S31,D59,none
98.9949493661167,46.4264068711929,8,scd,scd,S32,D60,none
